#	site	wall	cnt	adr
1	google.com	N	35	https://www.google.com/search?q=tom+cruise
2	youtube.com	N	34	https://www.youtube.com/watch?v=tp-wQYyrxd0
3	google.pl	N	35	https://www.google.pl/search?q=tom+cruise
4	allegro.pl	N	13	https://allegro.pl/oferta/telewizor-led-55-4k-mpeg4-usb-3-0-smart-wi-fi-a-7568489180
5	facebook.com	N	5	https://www.facebook.com/BradPittPlanB/
6	olx.pl	N	9	https://www.olx.pl/oferta/hyundai-i30-1-6-crdi-90-km-CID5-IDATnhX.html
7	wp.pl	Y	TO	https://wiadomosci.wp.pl/mini-czarnobyle-seria-niefortunnych-wpadek-rosyjskiego-wojska-6412764769474689a
8	onet.pl	Y	8	https://wiadomosci.onet.pl/nauka/zmarl-wybitny-rosyjski-astrofizyk-nikolaj-kardaszow-tworca-skali-rozwoju-cywilizacji/f96d48q
9	wikipedia.org	N	0	https://pl.wikipedia.org/wiki/Bokeh
10	interia.pl	N	4	https://fakty.interia.pl/swiat/news-iranska-telewizja-iran-przejal-zagraniczny-tankowiec,nId,3130879
11	bongacams.com	--	--	-- Adult content
12	vk.com	N	0	https://vk.com/club75379670
13	wiocha.pl	N	10	https://www.wiocha.pl/1589883,Zona-skarb
14	otomoto.pl	N	16	https://www.otomoto.pl/oferta/bmw-seria-8-840d-xdrive-coupe-upust-126000-pln-ID6CdinC.html
15	cda.pl	N	2	https://www.cda.pl/video/265923314/vfilm
16	aliexpress.com	N	43	https://www.aliexpress.com/item/32989785993.html
17	o2.pl	Y	23	https://www.o2.pl/artykul/mlodzi-mniej-przejmuja-sie-alertami-rzadowego-centrum-bezpieczenstwa-6409157712651905a
18	gazeta.pl	N	14	https://kobieta.gazeta.pl/kobieta/1,107881,25045075,pani-zacisnie-piesc-nie-dalam-rady-dlugie-paznokcie-mi-przeszkodzily.html
19	ceneo.pl	N	7	https://www.ceneo.pl/Torby_i_walizki
20	ipko.pl	N	0	https://www.ipko.pl
21	reddit.com	N	TO	https://www.reddit.com/r/europe/comments/cltm32/black_forest_germany/
22	mbank.pl	N	50	https://www.mbank.pl/indywidualny/
23	netflix.com	N	1	https://www.netflix.com/pl-en/
24	pornhub.com	--	--	-- Adult content
25	filmweb.pl	Y	7	https://www.filmweb.pl/film/Top+Gun%3A+Maverick-2020-602101
26	gumtree.pl	N	2	https://www.gumtree.pl/a-mieszkania-i-domy-do-wynajecia/krakow/kawalerka-do-wynajacia/1005563446690911255418809
27	centrum24.pl	N	0	https://www.centrum24.pl/
28	booking.com	N	TO	https://www.booking.com/hotel/pl/willa-nad-potokiem-ladek-zdroj.pl.html
29	tvn24.pl	N	6	https://uwaga.tvn.pl/reportaze,2671,n/jak-polacy-pija-malpki,296314.html
30	twitch.tv	N	TO	https://www.twitch.tv/summoningsalt/videos
31	livejasmin.com	--	--	-- Adult content
32	instagram.com	N	6	https://www.instagram.com/paulnicklen/
33	wykop.pl	N	3	https://www.wykop.pl/link/5074087/genialny-pomysl-pkp-dworzec-centralny-ma-wygladac-jak-w-latach-70/
34	yahoo.com	N	TO	https://www.yahoo.com/news/texas-woman-killed-by-police-officer-attempting-to-shoot-her-dog-083943364.html
35	fili.cc	N	0	https://fili.cc/serial/czarnobyl/s01e01/12345/63706
36	zalukaj.com	N	0	https://zalukaj.com/zalukaj-film/48411/krol-lew-the-lion-king-2019.html
37	bankmillenium.pl	N	0	https://www.bankmillennium.pl
38	wyborcza.pl	Y	6	http://wyborcza.pl/7,75399,25056799,latajacy-czlowiek-tym-razem-zwyciezyl-pokonal-kanal-la-manche.html
39	yandex.ru	N	0	https://zen.yandex.ru/media/clickoncar/skolkovo-tak-ne-sdelaet-nikogda-smotrim-na-hiphi-1-5d458a1c7cccba00ad56ec0a
40	chomikuj.pl	N	1	https://chomikuj.pl/faworit2/Systemy+LINUX/Linux+Ubuntu-PL-ISO
41	blogspot.com	N	1	http://paulinaphotographer.blogspot.com
42	pracuj.pl	N	2	https://www.pracuj.pl/praca/front-end-software-developer-wroclaw,oferta,6999667
43	money.pl	N	20	https://www.money.pl/gospodarka/faktura-za-wizyte-prezydenta-mieszkaniec-szczecinka-oddal-pieniadze-ministrowi-6409902580459649a.html
44	xhamster.com	--	--	-- Adult content
45	kinokrad.co	N	0	https://kinokrad.co/336686-yesterday.html
46	google.ru	N	9	https://www.google.ru/search?q=tom+cruise
47	xvideos.com	-- 	--	-- Adult content
48	fandom.com	N	1	https://www.fandom.com/articles/the-mandarin-shang-chi-father-mcu
49	roblox.com	N	0	https://www.roblox.com
50	mail.ru	N	138	https://news.mail.ru/politics/38207623/
51	otodom.pl	N	0	https://www.otodom.pl/oferta/lux-2-pokoje-powisle-loggia-metro-park-ID41DlR.html
52	pekao24.pl	N	1	https://www.pekao24.pl
53	microsoft.com	N	37	https://www.microsoft.com/pl-pl/p/surface-laptop-2/8XQJKK3DD91B
54	google.com.ua	N	1	https://www.google.com.ua/search?q=tom+cruise
55	tvp.pl	N	5	https://tygodnik.tvp.pl/43744932/albo-dzieci-albo-ekologia-jeden-nastolatek-mniej-to-ulga-dla-ziemi
56	pudelek.pl	N	6	https://www.pudelek.pl/artykul/149734/rihanna_atakuje_donalda_trumpa_po_strzelaninach_w_usa_latwiej_jest_tu_zdobyc_karabin_niz_wize/
57	naszemiasto.pl	Y	8	https://naszemiasto.pl/nowelizacja-prawa-budowlanego-coraz-blizej-znikna-absurdy-i/ar/c9-7282497
58	payu.com	N	1	https://corporate.payu.com
59	komputerswiat.pl	Y	6	https://www.komputerswiat.pl/aktualnosci/sprzet/nowy-laptop-gamingowy-od-xiaomi-juz-oficjalnie-poznalismy-cene-urzadzenia/yzcmnje
60	gemius.com	N	0	https://www.gemius.com/e-commerce-news/ukraine-users-attitude-illegal-content.html
61	rezka.ag	N	2	https://rezka.ag/films/documentary/31527-vo-slavu-tmy-2019.html
62	sprzedajemy.pl	N	1	https://sprzedajemy.pl/vw-t1-bulik-ogorek-klasykiem-do-slubu-reklama-eventy-bielsko-biala-2-85b084-nr58175417
63	fakt.pl	Y	7	https://www.fakt.pl/wydarzenia/polityka/posel-janusz-sanocki-wylamal-bramke-w-opolskim-urzedzie-wojewodzkim-interweniowala/dp5sdxx
64	demotywatory.pl	N	32	https://demotywatory.pl/4940852/Nie-wiem-czy-kierowca-autobusu-po-tym-klaskal-ale-warto
65	meteo.pl	N	0	http://www.meteo.pl
66	joemonster.org	N	8	https://joemonster.org/art/47440/Slynni_artysci_kiedys_i_dzis
67	gemius.pl	N	6	http://www.gemius.pl/agencje-aktualnosci/wyniki-badania-gemiuspbi-za-kwiecien-2019.html
68	live.com	N	0	https://login.live.com
69	sport.pl	N	0	http://www.sport.pl/kolarstwo/7,64993,25061164,koszmarny-wypadek-na-tour-de-pologne-kolarz-jest-reanimowany.html
70	ingbank.pl	N	2	https://www.ing.pl
71	kwejk.pl	Y	4	https://kwejk.pl/obrazek/3421509/strefa-wolna-od-lpg.html
72	aliorbank.pl	N	0	https://www.aliorbank.pl
73	redtube.com	--	--	-- Adult content
74	elektroda.pl	Y	0	https://www.elektroda.pl/rtvforum/topic3602578.html
75	businessinsider.com.pl	Y	6	https://businessinsider.com.pl
76	euro.com.pl	N	9	https://www.euro.com.pl/cms/tg-samsung-galaxy-a50-z-opaska.bhtml
77	kinopoisk.ru	N	0	https://www.kinopoisk.ru/media/podcast/3398593/
78	bnpparibas.pl	N	13	https://bnpparibas.pl/klienci-indywidualni
79	x-kom.pl	N	4	https://www.x-kom.pl/p/506331-smartfon-telefon-xiaomi-mi-a3-4-64gb-blue.html
80	zalando.pl	N	51	https://www.zalando.pl/weekday-dakota-felted-jacket-kurtka-jeansowa-rocky-blue-web22t02l-k11.html
81	gry-online.pl	N	2	https://www.gry-online.pl/S018.asp?ID=2063
82	ing.pl	N	2	https://www.ing.pl
83	mediaexpert.pl	N	142	https://www.mediaexpert.pl/telewizory/telewizor-lg-led-55um7610,id-1367344
84	wpolityce.pl	N	8	https://wpolityce.pl/sport/457898-banka-zapowiedzial-125-mln-zl-na-kilka-obiektow-sportowych
85	eblik.pl	N	0	https://eblik.pl
86	xnxx.com	--	--	-- Adult content
87	jbzdy.co	Y	24	https://jbzdy.net
88	olx.ua	N	7	https://www.olx.ua/obyavlenie/razborka-shrot-rozborka-skoda-superb-i-azm-IDAPIUA.html
89	dobreprogramy.pl	N	1	https://www.dobreprogramy.pl/ASUS-ROG-Strix-XG438Q.-Najwiekszy-monitor-4K-UHD-FreeSync-2-HDR,News,103080.html
90	amazon.com	N	184	https://www.amazon.com/dp/B07MMZ2LTB/
91	twitter.com	N	0	https://twitter.com/pittofficial
92	plejada.pl	Y	19	https://plejada.pl/newsy/piotr-schramm-w-stacji-hejt-ofiary-mowy-nienawisci-targaja-sie-na-zycie-dosc-tego/lrhsqnn
93	pomponik.pl	N	TO	https://www.pomponik.pl/plotki/news-elzbieta-ii-miala-dosc-gaf-meghan-wyznaczyla-jej-specjalna-m,nId,3132626
94	przelewy24.pl	N	15	https://www.przelewy24.pl
95	home.pl	N	0	https://home.pl/office365/
96	play.pl	N	1	https://www.play.pl/youtube/
97	morele.net	N	2	https://www.morele.net/karta-graficzna-msi-geforce-rtx-2070-gaming-8g-8gb-gddr6-geforce-rtx-2070-gaming-8g-5411029/
98	imgur.com	N	13	https://imgur.com/t/dogs_are_the_best_people/iCfQe0O
99	intercity.pl	N	1	https://www.intercity.pl/pl/
100	empik.com	N	5	https://www.empik.com/za-duzo-mysle-poradnik-dla-analizujacych-bez-konca-petitcollin-christel,p1222736270,ksiazka-p
101	datezone.com	--	--	-- Adult content
102	niezalezna.pl	N	0	https://niezalezna.pl/282703-usa-rasizm-nie-byl-motywem-strzelaniny
103	ok.ru	N	8	https://ok.ru/realmadrid.c.f
104	google.de	N	9	https://www.google.de/search?q=tom+cruise
105	flashscore.pl	N	0	https://www.flashscore.pl
106	kinogo.by	N	0	https://kinogo.by/16305-avengers-endgame_2019_28-07.html
107	hbogo.pl	N	3	https://hbogo.pl/seriale/czarnobyl/sezon-1
108	teleman.pl	N	0	https://www.teleman.pl/tv/Resident-Evil-Apokalipsa-637242
109	se.pl	Y	7	https://sport.se.pl/kolarstwo/tragedia-na-trasie-tour-de-pologne-bjorg-lambrecht-zmarl-na-stole-operacyjnym-aa-3S6v-cL87-kLXz.html
110	stackoverflow.com	N	0	https://stackoverflow.com/questions/57365580/is-main-return-a-program
111	pz.gov.pl	N	0	https://pz.gov.pl/pz/index
112	vod.pl	N	10	https://vod.pl/filmy/alita-battle-angel-caly-film-online/35p9esb
113	imdb.com	N	56	https://www.imdb.com/title/tt6095472/
114	ukr.net	N	o	https://prm.ua/estoniya-ne-viznavatime-rosiyski-pasporti-vidani-zhitelyam-donbasu/
115	wordpress.com	N	0	https://wordpress.com
116	adobe.com	N	2	https://www.adobe.com/products/photoshop-lightroom.html
117	rozklad-pkp.pl	N	1	http://rozklad-pkp.pl
118	pkobp.pl	N	0	https://www.pkobp.pl
119	microsoftonline.com	--	--	-- Does not work
120	poczta-polska.pl	N	0	http://www.poczta-polska.pl/bohateron-oddajmy-hold-powstancom/
121	discordapp.com	N	0	https://discordapp.com
122	shinden.pl	N	0	https://shinden.pl/series/52932-dungeon-ni-deai-wo-motomeru-no-wa-machigatteiru-darou-ka-2nd-season
123	bab.la	N	6	https://pl.bab.la/zwroty/rekrutacja/list-motywacyjny/polski-angielski
124	exsite24.pl	N	0	https://exsite24.pl/darmowe_ebook_download/czasopisma_zagraniczne/218673-practical-photography-august-2019.html
125	seasonvar.ru	N	0	http://seasonvar.ru/serial-22766-Doktor__Han.html
126	office.com	N	7	https://www.office.com
127	abczdrowie.pl	N	TO	https://portal.abczdrowie.pl/gotowane-czy-surowe-jak-jesc-warzywa-aby-mialy-najwiecej-wartosci-odzywczych
128	soundcloud.com	N	0	https://soundcloud.com/nlechoppa/shotta-flow-3
129	spotify.com	N	0	https://www.spotify.com/pl/
130	krakow.pl	N	2	http://krakow.pl/aktualnosci/231889,33,komunikat,za_nami_patriotyczna_lekcja_spiewania.html
131	mediamarkt.pl	N	2	https://mediamarkt.pl/sonywf1000xm3
132	messenger.com	N	5	https://www.messenger.com
133	orange.pl	N	11	https://www.orange.pl/love
134	radiozet.pl	N	0	https://biznes.radiozet.pl/News/Najbogatsze-i-najbiedniejsze-gminy-w-Polsce.-Ranking-wygral-Kleszczow-a-na-ostatnim-miejscu-Zawadzkie
135	biedronka.pl	N	4	https://www.biedronka.pl/pl/kuchnia-azjatycka-01-08
136	castorama.pl	N	420	https://www.castorama.pl/domowa-jednostka-sterujaca-24v-id-1106728.html
137	ebay.com	N	58	https://www.ebay.com/itm/Polarized-Sunglasses-Mens-Womens-Sport-Running-Fishing-Golf-Driving-Glasses/273348514805
138	hm.com	N	2	https://www2.hm.com/pl_pl/productpage.0488561032.html
139	jakdojade.pl	N	TO	https://jakdojade.pl/wroclaw/trasa/
140	trojmiasto.pl	Y	7	https://www.trojmiasto.pl/wiadomosci/Pierwszy-odcinek-trasy-tramwajowej-na-Stogi-zostanie-jednak-otwarty-jesienia-n136680.html
141	steamcommunity.com	N	0	https://steamcommunity.com
142	steampowered.com	N	563	https://store.steampowered.com/app/1089350/NBA_2K20/
143	sex.com	--	--	-- Adult content
144	gry.pl	Y	31	http://www.gry.pl/gra/chrome-dino
145	auto-swiat.pl	Y	11	https://www.auto-swiat.pl/klasyki/oldtimer/klasyk-z-najwyzszej-polki-citroen-ds-21-presidentielle/bz1xrvg
146	bankier.pl	N	33	https://www.bankier.pl/wiadomosc/Donald-Trump-o-oslabieniu-juana-Chiny-manipuluja-waluta-7717876.html
147	inpost.pl	N	0	https://inpost.pl/przesylki-paczkomaty-kurier
148	spidersweb.pl	N	TO	https://www.spidersweb.pl/2019/08/donald-trump-gry-wideo.html
149	jooble.org	N	0	https://pl.jooble.org/jdp/-2553381723608201811/UI-%2F-Web-Developer-Warszawa
150	santander.pl	N	1	https://www.santander.pl
151	lotto.pl	N	20	https://www.lotto.pl/eurojackpot/aktualnosci/ponad-1-mln-zlotych-w-eurojackpot-w-bydgoszczy-kumulacja-nadal-rosnie
152	infor.pl	N	8	https://www.infor.pl/prawo/powiat/rejestracja-samochodu/2758936,Podatek-przy-zakupie-auta-2019-r.html
153	youporn.com	--	--	-- Adult content
154	mozilla.org	N	0	https://blog.mozilla.org/blog/2019/06/04/when-it-comes-to-privacy-default-settings-matter/
155	pepper.pl	N	0	https://www.pepper.pl/promocje/kupon-na-115-zl-do-hulajnog-citybee-177880
156	gamepedia.com	N	16	https://www.gamepedia.com/news/1977-defy-the-rules-of-mass-and-physics-with-morphies
157	showup.tv	--	--	-- Adult content
158	reverso.net	N	5	http://www.reverso.net/text_translation.aspx?lang=EN
159	decathlon.pl	N	TO	https://www.decathlon.pl/rower-mtb-st-100-275-id_8400336.html
160	ekino-tv.pl	N	37	https://ekino-tv.pl/movie/show/ksiezniczka-labedzi-i-krolestwo-muzyki-hd-the-swan-princess-kingdom-of-music-2019-dubbing/26187
161	autokult.pl	Y	1	https://autokult.pl/34501,kamper-nie-musi-byc-nudny-taki-transit-to-marzenie-kazdego-fana-wyscigow
162	thestartmagazine.com	N	253	https://thestartmagazine.com/article/28389333-0516-450d-8f8c-cd0d8eb77087
163	tripadvisor.com	N	42	https://www.tripadvisor.com/AttractionProductReview-g60763-d11451132-Statue_of_Liberty_and_Ellis_Island_Award_Winning_Small_Group_Tour-New_York_City_New.html
164	medonet.pl	Y	12	http://www.medonet.pl/zdrowie,odciski--jakie-specjalistyczne-zabiegi-pomagaja-w-leczeniu-odciskow-,artykul,1732804.html
165	ikea.com	N	0	https://www.ikea.com/pl/pl/catalog/products/40443835/
166	pwn.pl	N	0	https://www.pwn.pl/careers
167	eobuwie.com.pl	N	23	https://www.eobuwie.com.pl/sneakersy-tommy-hilfiger-branson-8c1-fm0fm00612-twilight-005.html
168	natemat.pl	N	34	https://natemat.pl/280829,jacy-sa-wspolczesni-mezczyzni-nie-wszyscy-sa-zli-kobiety-wymagaja-za-duzo
169	rutracker.org	N	0	http://rutracker.org/forum/viewtopic.php?t=5370852
170	player.pl	Y	64	https://player.pl/programy-online/kuchenne-rewolucje-odcinki,114
171	tumblr.com	N	0	https://oliviawhen.tumblr.com/post/186738461661/did-you-know-its-doggust-dog-august-my-new
172	poczta.home.pl	N	1	https://login.poczta.home.pl
173	mazowieckie.pl	N	1	https://www.mazowieckie.pl/pl/aktualnosci/aktualnosci/38711,Rzez-Woli-pamiec-cywilnych-ofiar-w-75-rocznice.html
174	cbbp1.com	--	--	-- Unreachable
175	lowcygier.pl	Y	4	https://lowcygier.pl/promocje-cyfrowe/mass-effect-trilogy-w-wersji-cyfrowej-za-2990-zl-w-muvesklepie-gol/
176	uw.edu.pl	N	0	https://www.uw.edu.pl/droga-mleczna-w-trzech-wymiarach/
177	z1.fm	N	0	https://z1.fm/song/23170839
178	t.co	N	0	https://t.co
179	worldoftanks.eu	N	0	https://worldoftanks.eu/en/news/special-offers/Pz-Kpfw-IV-schmalturm-august/
180	nazwa.pl	N	0	https://www.nazwa.pl/cennik/cennik-wordpress-cloud/
181	zbiornik.com	-- 	--	-- Adult content
182	targeo.pl	N	0	https://www.targeo.pl
183	bing.com	N	5	https://www.bing.com/search?q=tom+cruise
184	plotek.pl	N	0	http://www.plotek.pl/plotek/7,154063,25061903,kamil-durczok-mial-kupic-wodke-na-pol-godziny-przed-kolizja.html
185	pclab.pl	N	4	https://pclab.pl/art81578.html
186	benchmark.pl	N	5	http://www.benchmark.pl/testy_i_recenzje/gigabyte-x570-aorus-xtreme-i-ssd-m-2-na-pcie-4-0-recenzja.html
187	chaturbate.com	--	--	-- Adult content
188	komputronik.pl	N	67	https://www.komputronik.pl/product/341252/goodram-8gb-1x8gb-1600mhz-ddr3-cl11-dimm-.html
189	9gag.com	N	1	https://9gag.com/gag/aQ1P42W
190	leroymerlin.pl	N	0	https://www.leroymerlin.pl/podlogi-drewniane-boazerie/panele-deski-parkiety/panele-podlogowe-laminowane/panele-podlogowe-dab-elbrus-ac4-8-mm-home-inspire,p469109,l188.html
191	wetransfer.com	N	0	https://wetransfer.com
192	smaker.pl	N	4	https://smaker.pl/przepis-busz-poledwiczka,174227,kulinarnachwila.html
193	roksa.pl	--	--	-- Adult content
194	rp.pl	N	0	https://www.rp.pl/Urzednicy/308069970-Kto-moglby-zaplacic-za-loty-marszalka-Marka-Kuchcinskiego.html
195	amazon.de	N	274	https://www.amazon.de/Samsonite-SCure-Spinner-Koffer-Black/dp/B007WQJSGM/
196	badoo.com	N	0	https://badoo.com
197	deviantart.com	N	4	https://www.deviantart.com/yeraa/art/Midsummer-808465288
198	inteligo.pl	N	1	https://inteligo.pl
199	parenting.pl	N	11	https://parenting.pl/7-najbardziej-absurdalnych-ciazowych-przesadow
200	dotpay.pl	N	0	https://www.dotpay.pl/metody-platnosci/platnosci-odroczone/kupuj-teraz/
201	github.com	N	0	https://github.com/google
202	credit-agricole.pl	N	0	https://www.credit-agricole.pl/klienci-indywidualni
203	naekranie.pl	N	34	https://naekranie.pl/aktualnosci/lowcy-cieni-bedzie-serial-stacji-nowa-tv-opis-fabuly-i-data-premiery-1565118604-1565119246
204	airbnb.pl	N	0	https://www.airbnb.pl/rooms/37253565
205	skapiec.pl	N	14	https://www.skapiec.pl/cat/308-lodowki.html
206	nocowanie.pl	N	4	https://www.nocowanie.pl/noclegi/kolobrzeg/apartamenty/145748/
207	apple.com	N	0	https://www.apple.com/iphone-xr/
208	jbzdy.net	Y	24	https://jbzdy.net
209	wbijam.pl	N	0	https://wbijam.pl
210	tauron.pl	N	0	https://www.tauron.pl/dla-domu/prad/zwrot-za-prad
211	itaka.pl	N	29	https://www.itaka.pl/wczasy/bulgaria/sloneczny-brzeg/hotel-julia,BOJJULI.html
212	zapmeta.com.pl	N	0	https://www.zapmeta.com.pl/?q=tom+cruise
213	nk.pl	N	78	https://nk.pl/logowanie
214	rmf24.pl	N	7	https://www.rmf24.pl/fakty/polska/news-brunon-kwiecien-nie-zyje-zostal-skazany-za-probe-zamachu-na-,nId,3134454
215	polsatnews.pl	Y	4	https://www.polsatnews.pl/wiadomosc/2019-08-06/z-panstwowej-mennicy-w-meksyku-zrabowano-zlote-monety-za-ponad-2-mln-usd/
216	echodnia.eu	Y	12	https://echodnia.eu/swietokrzyskie/wicemarszalek-sejmu-malgorzata-gosiewska-skrytykowala-swietokrzyskich-parlamentarzystow-prawa-i-sprawiedliwosci-za-brak/ar/c1-14330679
217	msn.com	N	TO	https://www.msn.com/pl-pl/wiadomosci/polska/bestie-z-okuninki-zgwałcili-kolegę-kijem-katowali-kilka-godzin/ar-AAFqIOk
218	linkedin.com	N	1	https://www.linkedin.com/
219	sinoptik.pl	N	0	https://sinoptik.pl
220	gfycat.com	N	8	https://gfycat.com/snivelingmediocredeinonychus-thanksgiving-comedy
221	autocentrum.pl	N	3	https://www.autocentrum.pl/newsy/wiozla-dwie-osoby-w-bagazniku-na-trzy-miesiace-straci-prawo-jazdy/
222	duckduckgo.com	N	1	https://duckduckgo.com/?q=tom+cruise&ia=web
223	pogodynka.pl	N	3	http://pogodynka.pl/wiadomosci/aktualnosci/1907-22072019-ocena-meteorologiczna-i-hydrologiczna-1343
224	siteadvisor.com	--	--	-- Redirects
225	bm.pl	N	0	https://bm.pl
226	tradedoubler.com	N	0	https://www.tradedoubler.com/en/publishers/
227	privatbank.ua	N	1	https://privatbank.ua
228	ryanair.com	N	4	https://www.ryanair.com/gb/en/
229	zus.pl	N	0	https://www.zus.pl/o-zus/aktualnosci/-/publisher/aktualnosc/1/w-szczebrzeszynie-zus-brzmi-prosto/2816156
230	telemagazyn.pl	N	20	https://www.telemagazyn.pl/film/goracy-towar-502417/
231	login.gov.pl	N	0	https://login.gov.pl/login/secure
232	animezone.pl	N	1	https://www.animezone.pl/gatunki
233	baskino.me	N	18	http://baskino.me/films/boeviki/19454-lyudi-v-chernom-interneshnl.html
234	znanylekarz.pl	N	TO	https://www.znanylekarz.pl/magdalena-zychowska/dermatolog-lekarz-medycyny-estetycznej/wroclaw
235	site-pl.com	N	0	http://site-pl.com/?reqp=1&reqr=
236	wiktionary.org	N	0	https://en.wiktionary.org/wiki/amazing
237	best2019-games-web1.com	--	--	-- 403 HTTP Error
238	kinogo.eu	N	0	http://kinogo.eu/9265-mstiteli-final-2019.html
239	lubimyczytac.pl	Y	4	http://lubimyczytac.pl/aktualnosci/rozmowy/12508/szczescie-solo-czyli-o-zwiazku-z-samym-soba-wywiad-z-wanda-zolcinska
240	speedtest.pl	N	0	http://www.speedtest.pl/kim_jestesmy
241	ulub.pl	N	0	http://ulub.pl/utACbsOip7/bibsypl-100-obrazkow-na-minute
242	pyszne.pl	N	4	https://www.pyszne.pl/pizzeria-staromiejska
243	pinterest.com	N	TO	https://www.pinterest.com
244	fotka.com	N	0	https://fotka.com
245	ex-torrenty.org	N	0	https://ex-torrenty.org/torrent/166668
246	www.gov.pl	N	0	https://www.gov.pl/web/gov/uslugi-dla-obywatela/#wyjazdy-i-wypoczynek
247	sadistic.pl	Y	2	https://www.sadistic.pl/portal/14693
248	praca.gov.pl	N	0	https://www.praca.gov.pl/eurzad/index.eup#/inneSprawy/wyborUrzedu?dest=EURZAD
249	mp.pl	N	2	https://www.mp.pl/dostepnaczyniowy/ekspert/pytania-do-eksperta/211883,czy-cewnik-dializacyjny-moze-byc-wykorzystany-do-podania-przez-ratownika-lekow-podczas-resuscytacji
250	gratka.pl	N	17	https://gratka.pl/motoryzacja/motocykl-yamaha-xvs-650-v-star/oi/12732681
251	vider.info	Y	0	https://vider.info/vid/+fxms588
252	yandex.ua	N	0	https://yandex.ua/search/?lr=143&oprnd=9981694847&text=tom%20cruise
253	tekstowo.pl	N	4	https://www.tekstowo.pl/piosenka,lionel_richie,hello.html
254	twojapogoda.pl	Y	13	https://www.twojapogoda.pl/wiadomosc/2019-07-12/wedkarze-lapcie-za-wedki-bo-ryby-beda-braly-jak-szalone-tak-dobrych-lowow-w-te-wakacje-juz-nie-bedzie/
255	doz.pl	N	2	https://www.doz.pl/apteka/p131082-Estabiom_pregna_kapsulki_20_szt.
256	upc.pl	N	21	https://www.upc.pl/internet/kup-internet/
257	lidl-sklep.pl	N	0	https://www.lidl-sklep.pl/PARKSIDE-Akumulatorowe-urzadzenie-wielofunkcyjne-4-w-1-PKGA-20-Li-B1-bez-akumulatora-i-ladowarki/p100259868
258	lordsfilm.tv	N	0	http://lordsfilms.tv/26676-priklyucheniya-paddingtona-2.html
259	eset.com	N	1	https://www.eset.com/pl/business/
260	lidl.pl	N	2	https://www.lidl.pl/pl/Oferta-spozywcza.htm?articleId=66407
261	przegladsportowy.pl	Y	20	https://www.przegladsportowy.pl
262	search-pl.com	N	0	http://search-pl.com/?reqp=1&reqr=
263	ms.gov.pl	N	0	https://www.gov.pl/web/sprawiedliwosc/przelom-w-ksztalceniu-sluzby-wieziennej--slubowanie-studentow-pierwszej-w-historii-uczelni-polskiego-wieziennictwa
264	myanimelist.net	N	11	https://myanimelist.net/anime/37347/Dungeon_ni_Deai_wo_Motomeru_no_wa_Machigatteiru_Darou_ka_II
265	obywatel.gov.pl	N	0	https://obywatel.gov.pl/kierowcy-i-pojazdy
266	rozetka.com.ua	N	10	https://rozetka.com.ua/xiaomi_redmi_note_7_4_64gb_black/p84686898/
267	kurnik.pl	N	0	https://www.kurnik.pl/szachy/
268	cyfrowypolsat.pl	N	0	http://sklep.cyfrowypolsat.pl/telewizja-satelitarna
269	poradnikprzedsiebiorcy.pl	N	1	https://poradnikprzedsiebiorcy.pl/-trwa-nabor-do-xi-edycji-konkursu-innowator-mazowsza
270	e-podroznik.pl	N	0	https://www.e-podroznik.pl
271	t-mobile.pl	N	1	https://www.t-mobile.pl/telefony-i-urzadzenia/telefony/samsung-galaxy-a50-samsung-galaxy-fit/SA-H-B1570.phtml?addoffer=tariprom_40335
272	sat24.com	N	0	https://en.sat24.com/en/forecastimages/europa/forecasttemp
273	home-nav.com	N	0	http://home-nav.com/?reqp=1&reqr=
274	dropbox.com	N	0	https://www.dropbox.com/?landing=dbv2
275	styl.pl	N	9	https://www.styl.pl/zdrowie/news-najlepsza-woda-dla-ciebie,nId,3135966
276	rutor.info	N	0	http://rutor.info/torrent/707276/ladja_the-rook-01h01-06-iz-08-2019-web-dlrip-lostfilm
277	popads.net	N	0	https://www.popads.net
278	meczyki.pl	Y	TO	https://www.meczyki.pl/newsy/zwrot-akcji-w-sprawie-christiana-eriksena-manchester-united-zrezygnowal-z-walki-o-dunczyka/119664-n
279	tvp.info	N	24	https://www.tvp.info/43838474/spanikowalem-pracownik-ochrony-finalu-wosp-w-gdansku-przed-sadem
280	instalki.pl	N	1	https://www.instalki.pl/testy/hardware/36923-xiaomi-mi-band-4-test-opaski-sportowej.html
281	wroclaw.pl	N	0	https://www.wroclaw.pl/portal/dla-wygody-mieszkancow-wroclaw-stawia-na-osiedla-kompletne
282	genius.com	N	2	https://genius.com/a/lana-del-rey-shares-looking-for-america-in-response-to-recent-mass-shootings
283	ipla.tv	N	0	https://www.ipla.tv/kanaly-tv
284	leagueoflegends.com	N	0	https://play.eune.leagueoflegends.com/en_PL
285	l.ua	N	0	http://l.ua
286	skyscanner.pl	N	TO	https://www.skyscanner.pl
287	wakacje.pl	N	3	https://www.wakacje.pl/oferty/grecja/chalkidiki/metamorfosis/simeon-526145.html?od-2019-10-15,7-dni,HB,z-warszawy-modlin
288	vimeo.com	N	5	https://vimeo.com/showcase/2380839/video/59207751
289	speedtest.net	Y	1	https://www.speedtest.net
290	dorzeczy.pl	N	0	https://dorzeczy.pl/kraj/110342/szykuje-sie-najwiekszy-skandal-w-historii-polskiego-show-biznesu-znany-muzyk-jazzowy-oskarzony-o-pedofilie.html
291	efortuna.pl	N	0	https://www.efortuna.pl/pl/fortuna_z_bonusem/index.html
292	lento.pl	N	0	https://jelenia-gora.lento.pl/poszukujemy-opiekunki-opiekunow,8060605.html
293	gazetaprawna.pl	N	4	https://serwisy.gazetaprawna.pl/edukacja/artykuly/1425114,500-plus-dla-nauczycieli-8-6-mln-zl-lacznie.html
294	cdaction.pl	N	1	https://www.cdaction.pl/news-57514/gamescom-2019-final-fantasy-7-remake-i-marvels-avengers-grywalne-dla-zwiedzajacych.html
295	akamaized.net	--	--	-- CDN
296	savefrom.net	N	0	https://en.savefrom.net
297	webcamera.pl	Y	251	https://mielno.webcamera.pl
298	getinbank.pl	N	2	https://www.getinbank.pl
299	prom.ua	N	205	https://prom.ua/p771785763-nastolnyj-futbol-detskij.html
300	gazetawroclawska.pl	Y	21	https://gazetawroclawska.pl/wypadek-na-traugutta-dzwig-wyrwal-drzwi-tramwaju-zdjecia/ar/c16-14333595